{
    "name": "cl_utils",
    "type": "flogo:function",
    "version": "0.10.0",
    "title": "Hmac Functions",
    "description": "Hmac Functions",
    "homepage": "https://github.com/claw.ai/flogo-components/master/function/hmac",
    "functions": [
      {
        "name": "hmac",
        "description": "Use hmac function to get 64base SHA-1 key .",
        "example": "",
        "args": [
          {
            "name": "secret",
            "type": "string"
          },
          {
            "name": "method",
            "type": "string"
          },
          {
            "name": "url",
            "type": "string"
          },
          {
            "name": "serial",
            "type": "string"
          },
          {
            "name": "time",
            "type": "string"
          }
        ],
        "return": {
          "type": "string"
        }
      },
      {
        "name": "tfNSW_protobuf2JSON",
        "description": "tfNSW - Generate JSON output in byte[] format - converting protobuf to JSON and spliting message in trunks based on algorithm.",
        "example": "tfNSW_protobuf2JSON(protobuf message, batchSize (int), isTestMode (bool))",
        "args": [
          {
            "name": "protobuf",
            "type": "string"
          },
          {
            "name": "batchSize",
            "type": "int"
          },
          {
            "name": "isTestMode",
            "type": "bool"
          }
        ],
        "return": {
          "type": "string"
        }
      }
    ]
  }