{
    "name": "cl_utils",
    "type": "flogo:function",
    "version": "0.10.0",
    "title": "CL Functions",
    "description": "CL Functions",
    "homepage": "https://github.com/claw.ai/flogo-components/master/function/cl_utils",
    "functions": [
      {
        "name": "hmac",
        "description": "Optimine - Generate Authtication Key.",
        "example": "hmac(secret, method, url, serial, time)",
        "args": [
          {
            "name": "secret",
            "type": "string"
          },
          {
            "name": "method",
            "type": "string"
          },
          {
            "name": "url",
            "type": "string"
          },
          {
            "name": "serial",
            "type": "string"
          },
          {
            "name": "time",
            "type": "string"
          }
        ],
        "return": {
          "type": "string"
        }
      },
      {
        "name": "GTFSAdapter",
        "description": "Custom extension function to convert GTFS transport protobuf message to Json format containing an array of entities only (without the header).",
        "example": "GTSFSAdapter(ProtobufMessage(string), EntitySize(int), Transform(bool))",
        "args": [
          {
            "name": "ProtobufMessage",
            "type": "string"
          },
          {
            "name": "EntitySize",
            "type": "int"
          },
          {
            "name": "Transform",
            "type": "bool"
          }
        ],
        "return": {
          "type": "string"
        }
      }
    ]
  }